同種の数,処理時間の平均,平方根和の差の平均,世代交代数,個体集団内の個体の数,エリート保存戦略で残す個体の数,トーナメント選択で無作為抽出する個体の数,突然変異確率,フロイド問題におけるN,選択方式,交叉方式
20,0.03127525,0.00404290,100,100,5,15,0.100000,32,トーナメント選択,2点交叉
20,0.03196625,0.00518470,100,100,5,15,0.100000,32,トーナメント選択,一様交叉
20,0.02976440,0.00396645,100,100,5,15,0.100000,32,トーナメント選択,1点交叉
20,0.03061745,0.00345415,100,100,5,15,0.100000,32,ランキング選択,2点交叉
20,0.02847230,0.00346805,100,100,5,15,0.100000,32,ランキング選択,一様交叉
20,0.02786815,0.00306795,100,100,5,15,0.100000,32,ランキング選択,1点交叉
20,0.05223590,0.00626505,100,100,5,15,0.100000,64,トーナメント選択,2点交叉
20,0.05272155,0.00627240,100,100,5,15,0.100000,64,トーナメント選択,一様交叉
20,0.05389010,0.00668490,100,100,5,15,0.100000,64,トーナメント選択,1点交叉
20,0.04819560,0.00617765,100,100,5,15,0.100000,64,ランキング選択,2点交叉
20,0.04862665,0.00601015,100,100,5,15,0.100000,64,ランキング選択,一様交叉
20,0.05072395,0.00573150,100,100,5,15,0.100000,64,ランキング選択,1点交叉
20,0.03322610,0.00375870,100,100,5,15,0.010000,32,トーナメント選択,2点交叉
20,0.03117710,0.00329820,100,100,5,15,0.010000,32,トーナメント選択,一様交叉
20,0.03057980,0.00235530,100,100,5,15,0.010000,32,トーナメント選択,1点交叉
20,0.02986950,0.00283395,100,100,5,15,0.010000,32,ランキング選択,2点交叉
20,0.03041360,0.00301110,100,100,5,15,0.010000,32,ランキング選択,一様交叉
20,0.03626540,0.00247995,100,100,5,15,0.010000,32,ランキング選択,1点交叉
20,0.05327935,0.00578520,100,100,5,15,0.010000,64,トーナメント選択,2点交叉
20,0.05422745,0.00647480,100,100,5,15,0.010000,64,トーナメント選択,一様交叉
20,0.05447735,0.00715050,100,100,5,15,0.010000,64,トーナメント選択,1点交叉
20,0.05963925,0.00423475,100,100,5,15,0.010000,64,ランキング選択,2点交叉
20,0.05523820,0.00575180,100,100,5,15,0.010000,64,ランキング選択,一様交叉
20,0.04980270,0.00503610,100,100,5,15,0.010000,64,ランキング選択,1点交叉
20,0.03042250,0.00296765,100,100,5,10,0.100000,32,トーナメント選択,2点交叉
20,0.02862865,0.00253220,100,100,5,10,0.100000,32,トーナメント選択,一様交叉
20,0.02925820,0.00253220,100,100,5,10,0.100000,32,トーナメント選択,1点交叉
20,0.02855690,0.00239400,100,100,5,10,0.100000,32,ランキング選択,2点交叉
20,0.02870230,0.00238075,100,100,5,10,0.100000,32,ランキング選択,一様交叉
20,0.02740070,0.00263870,100,100,5,10,0.100000,32,ランキング選択,1点交叉
20,0.05380615,0.00477840,100,100,5,10,0.100000,64,トーナメント選択,2点交叉
20,0.05045265,0.00423810,100,100,5,10,0.100000,64,トーナメント選択,一様交叉
20,0.05101980,0.00509385,100,100,5,10,0.100000,64,トーナメント選択,1点交叉
20,0.04827430,0.00366915,100,100,5,10,0.100000,64,ランキング選択,2点交叉
20,0.04987100,0.00430895,100,100,5,10,0.100000,64,ランキング選択,一様交叉
20,0.04778815,0.00448935,100,100,5,10,0.100000,64,ランキング選択,1点交叉
20,0.02903455,0.00353045,100,100,5,10,0.010000,32,トーナメント選択,2点交叉
20,0.03830760,0.00289945,100,100,5,10,0.010000,32,トーナメント選択,一様交叉
20,0.02943845,0.00272310,100,100,5,10,0.010000,32,トーナメント選択,1点交叉
20,0.02963695,0.00297555,100,100,5,10,0.010000,32,ランキング選択,2点交叉
20,0.03041380,0.00203500,100,100,5,10,0.010000,32,ランキング選択,一様交叉
20,0.02873320,0.00137395,100,100,5,10,0.010000,32,ランキング選択,1点交叉
20,0.05231045,0.00445240,100,100,5,10,0.010000,64,トーナメント選択,2点交叉
20,0.05197045,0.00518820,100,100,5,10,0.010000,64,トーナメント選択,一様交叉
20,0.04968490,0.00603110,100,100,5,10,0.010000,64,トーナメント選択,1点交叉
20,0.05455560,0.00564465,100,100,5,10,0.010000,64,ランキング選択,2点交叉
20,0.04982810,0.00769405,100,100,5,10,0.010000,64,ランキング選択,一様交叉
20,0.04841960,0.00941505,100,100,5,10,0.010000,64,ランキング選択,1点交叉
20,0.02951230,0.00268030,100,100,1,15,0.100000,32,トーナメント選択,2点交叉
20,0.03023575,0.00232290,100,100,1,15,0.100000,32,トーナメント選択,一様交叉
20,0.03115515,0.00250760,100,100,1,15,0.100000,32,トーナメント選択,1点交叉
20,0.02686290,0.00212415,100,100,1,15,0.100000,32,ランキング選択,2点交叉
20,0.02830590,0.00185610,100,100,1,15,0.100000,32,ランキング選択,一様交叉
20,0.02913535,0.00191860,100,100,1,15,0.100000,32,ランキング選択,1点交叉
20,0.05208975,0.00791265,100,100,1,15,0.100000,64,トーナメント選択,2点交叉
20,0.05363420,0.00607020,100,100,1,15,0.100000,64,トーナメント選択,一様交叉
20,0.05268715,0.00577900,100,100,1,15,0.100000,64,トーナメント選択,1点交叉
20,0.05234790,0.00592870,100,100,1,15,0.100000,64,ランキング選択,2点交叉
20,0.05094260,0.00405860,100,100,1,15,0.100000,64,ランキング選択,一様交叉
20,0.05115735,0.00421320,100,100,1,15,0.100000,64,ランキング選択,1点交叉
20,0.03071670,0.00311650,100,100,1,15,0.010000,32,トーナメント選択,2点交叉
20,0.02979135,0.00261605,100,100,1,15,0.010000,32,トーナメント選択,一様交叉
20,0.03225655,0.00203450,100,100,1,15,0.010000,32,トーナメント選択,1点交叉
20,0.02886760,0.00253020,100,100,1,15,0.010000,32,ランキング選択,2点交叉
20,0.02728605,0.00213690,100,100,1,15,0.010000,32,ランキング選択,一様交叉
20,0.02957520,0.00216660,100,100,1,15,0.010000,32,ランキング選択,1点交叉
20,0.05598800,0.00472605,100,100,1,15,0.010000,64,トーナメント選択,2点交叉
20,0.05396465,0.00476460,100,100,1,15,0.010000,64,トーナメント選択,一様交叉
20,0.05480135,0.00595085,100,100,1,15,0.010000,64,トーナメント選択,1点交叉
20,0.05057100,0.00559060,100,100,1,15,0.010000,64,ランキング選択,2点交叉
20,0.05485715,0.00560915,100,100,1,15,0.010000,64,ランキング選択,一様交叉
20,0.05046885,0.00432005,100,100,1,15,0.010000,64,ランキング選択,1点交叉
20,0.02974090,0.00275390,100,100,1,10,0.100000,32,トーナメント選択,2点交叉
20,0.02924065,0.00249545,100,100,1,10,0.100000,32,トーナメント選択,一様交叉
20,0.03007615,0.00254530,100,100,1,10,0.100000,32,トーナメント選択,1点交叉
20,0.02851125,0.00378670,100,100,1,10,0.100000,32,ランキング選択,2点交叉
20,0.02792150,0.00295350,100,100,1,10,0.100000,32,ランキング選択,一様交叉
20,0.02766040,0.00290625,100,100,1,10,0.100000,32,ランキング選択,1点交叉
20,0.05256495,0.00613370,100,100,1,10,0.100000,64,トーナメント選択,2点交叉
20,0.05016615,0.00654595,100,100,1,10,0.100000,64,トーナメント選択,一様交叉
20,0.05177050,0.00557940,100,100,1,10,0.100000,64,トーナメント選択,1点交叉
20,0.05167605,0.00601890,100,100,1,10,0.100000,64,ランキング選択,2点交叉
20,0.05334625,0.00507660,100,100,1,10,0.100000,64,ランキング選択,一様交叉
20,0.05198785,0.00458160,100,100,1,10,0.100000,64,ランキング選択,1点交叉
20,0.03061065,0.00230725,100,100,1,10,0.010000,32,トーナメント選択,2点交叉
20,0.02960720,0.00208415,100,100,1,10,0.010000,32,トーナメント選択,一様交叉
20,0.02905470,0.00214895,100,100,1,10,0.010000,32,トーナメント選択,1点交叉
20,0.02956935,0.00328840,100,100,1,10,0.010000,32,ランキング選択,2点交叉
20,0.02705305,0.00312385,100,100,1,10,0.010000,32,ランキング選択,一様交叉
20,0.02730740,0.00240065,100,100,1,10,0.010000,32,ランキング選択,1点交叉
20,0.05043760,0.00595470,100,100,1,10,0.010000,64,トーナメント選択,2点交叉
20,0.05147925,0.00714925,100,100,1,10,0.010000,64,トーナメント選択,一様交叉
20,0.05901570,0.00640500,100,100,1,10,0.010000,64,トーナメント選択,1点交叉
20,0.05826640,0.00457770,100,100,1,10,0.010000,64,ランキング選択,2点交叉
20,0.04798525,0.00657755,100,100,1,10,0.010000,64,ランキング選択,一様交叉
20,0.04964940,0.00728420,100,100,1,10,0.010000,64,ランキング選択,1点交叉
20,0.00242410,0.02917710,100,10,5,15,0.100000,32,トーナメント選択,2点交叉
20,0.00260450,0.02952950,100,10,5,15,0.100000,32,トーナメント選択,一様交叉
20,0.00263220,0.02963330,100,10,5,15,0.100000,32,トーナメント選択,1点交叉
20,0.00280125,0.03394640,100,10,5,15,0.100000,32,ランキング選択,2点交叉
20,0.00275520,0.02675730,100,10,5,15,0.100000,32,ランキング選択,一様交叉
20,0.00290900,0.01872310,100,10,5,15,0.100000,32,ランキング選択,1点交叉
20,0.00498335,0.04390325,100,10,5,15,0.100000,64,トーナメント選択,2点交叉
20,0.00542335,0.04445265,100,10,5,15,0.100000,64,トーナメント選択,一様交叉
20,0.00491035,0.04552365,100,10,5,15,0.100000,64,トーナメント選択,1点交叉
20,0.00492465,0.05132615,100,10,5,15,0.100000,64,ランキング選択,2点交叉
20,0.00467290,0.06301420,100,10,5,15,0.100000,64,ランキング選択,一様交叉
20,0.00510240,0.05969155,100,10,5,15,0.100000,64,ランキング選択,1点交叉
20,0.00291555,0.03040450,100,10,5,15,0.010000,32,トーナメント選択,2点交叉
20,0.00254040,0.03156365,100,10,5,15,0.010000,32,トーナメント選択,一様交叉
20,0.00298285,0.02723315,100,10,5,15,0.010000,32,トーナメント選択,1点交叉
20,0.00260800,0.03493820,100,10,5,15,0.010000,32,ランキング選択,2点交叉
20,0.00266820,0.03711805,100,10,5,15,0.010000,32,ランキング選択,一様交叉
20,0.00291445,0.04460360,100,10,5,15,0.010000,32,ランキング選択,1点交叉
20,0.00495680,0.07501985,100,10,5,15,0.010000,64,トーナメント選択,2点交叉
20,0.00594115,0.05080770,100,10,5,15,0.010000,64,トーナメント選択,一様交叉
20,0.00639395,0.06447660,100,10,5,15,0.010000,64,トーナメント選択,1点交叉
20,0.00542220,0.04511930,100,10,5,15,0.010000,64,ランキング選択,2点交叉
20,0.00471095,0.04535785,100,10,5,15,0.010000,64,ランキング選択,一様交叉
20,0.00523490,0.05828045,100,10,5,15,0.010000,64,ランキング選択,1点交叉
20,0.00241220,0.03333685,100,10,5,10,0.100000,32,トーナメント選択,2点交叉
20,0.00283355,0.03031840,100,10,5,10,0.100000,32,トーナメント選択,一様交叉
20,0.00275020,0.02824455,100,10,5,10,0.100000,32,トーナメント選択,1点交叉
20,0.00243215,0.02690285,100,10,5,10,0.100000,32,ランキング選択,2点交叉
20,0.00222485,0.02205680,100,10,5,10,0.100000,32,ランキング選択,一様交叉
20,0.00286435,0.02664220,100,10,5,10,0.100000,32,ランキング選択,1点交叉
20,0.00475240,0.06113935,100,10,5,10,0.100000,64,トーナメント選択,2点交叉
20,0.00563340,0.07444560,100,10,5,10,0.100000,64,トーナメント選択,一様交叉
20,0.00586160,0.06135765,100,10,5,10,0.100000,64,トーナメント選択,1点交叉
20,0.00518720,0.05215805,100,10,5,10,0.100000,64,ランキング選択,2点交叉
20,0.00498955,0.05665945,100,10,5,10,0.100000,64,ランキング選択,一様交叉
20,0.00527830,0.05327505,100,10,5,10,0.100000,64,ランキング選択,1点交叉
20,0.00271880,0.03624120,100,10,5,10,0.010000,32,トーナメント選択,2点交叉
20,0.00302480,0.02880980,100,10,5,10,0.010000,32,トーナメント選択,一様交叉
20,0.00247400,0.02757000,100,10,5,10,0.010000,32,トーナメント選択,1点交叉
20,0.00295085,0.03335360,100,10,5,10,0.010000,32,ランキング選択,2点交叉
20,0.00231955,0.04244965,100,10,5,10,0.010000,32,ランキング選択,一様交叉
20,0.00236650,0.03962060,100,10,5,10,0.010000,32,ランキング選択,1点交叉
20,0.00546400,0.04859315,100,10,5,10,0.010000,64,トーナメント選択,2点交叉
20,0.00566335,0.04436635,100,10,5,10,0.010000,64,トーナメント選択,一様交叉
20,0.00508510,0.04525120,100,10,5,10,0.010000,64,トーナメント選択,1点交叉
20,0.00471475,0.06243905,100,10,5,10,0.010000,64,ランキング選択,2点交叉
20,0.00477385,0.04846690,100,10,5,10,0.010000,64,ランキング選択,一様交叉
20,0.00480360,0.04526695,100,10,5,10,0.010000,64,ランキング選択,1点交叉
20,0.00367880,0.03225325,100,10,1,15,0.100000,32,トーナメント選択,2点交叉
20,0.00345470,0.02860930,100,10,1,15,0.100000,32,トーナメント選択,一様交叉
20,0.00334015,0.03385855,100,10,1,15,0.100000,32,トーナメント選択,1点交叉
20,0.00303450,0.03283275,100,10,1,15,0.100000,32,ランキング選択,2点交叉
20,0.00237725,0.03041570,100,10,1,15,0.100000,32,ランキング選択,一様交叉
20,0.00295665,0.03258920,100,10,1,15,0.100000,32,ランキング選択,1点交叉
20,0.00596455,0.06100235,100,10,1,15,0.100000,64,トーナメント選択,2点交叉
20,0.00610915,0.05851690,100,10,1,15,0.100000,64,トーナメント選択,一様交叉
20,0.01271265,0.08120945,100,10,1,15,0.100000,64,トーナメント選択,1点交叉
20,0.00599755,0.06307020,100,10,1,15,0.100000,64,ランキング選択,2点交叉
20,0.00567305,0.06583660,100,10,1,15,0.100000,64,ランキング選択,一様交叉
20,0.00590245,0.06720685,100,10,1,15,0.100000,64,ランキング選択,1点交叉
20,0.00320575,0.03128470,100,10,1,15,0.010000,32,トーナメント選択,2点交叉
20,0.00318515,0.03220780,100,10,1,15,0.010000,32,トーナメント選択,一様交叉
20,0.00374615,0.03139515,100,10,1,15,0.010000,32,トーナメント選択,1点交叉
20,0.00289355,0.04594830,100,10,1,15,0.010000,32,ランキング選択,2点交叉
20,0.00290150,0.03806015,100,10,1,15,0.010000,32,ランキング選択,一様交叉
20,0.00284335,0.03175355,100,10,1,15,0.010000,32,ランキング選択,1点交叉
20,0.00584715,0.05652630,100,10,1,15,0.010000,64,トーナメント選択,2点交叉
20,0.00580385,0.07407135,100,10,1,15,0.010000,64,トーナメント選択,一様交叉
20,0.00624385,0.06323050,100,10,1,15,0.010000,64,トーナメント選択,1点交叉
20,0.00563810,0.04880675,100,10,1,15,0.010000,64,ランキング選択,2点交叉
20,0.00544340,0.05950940,100,10,1,15,0.010000,64,ランキング選択,一様交叉
20,0.00545035,0.07711175,100,10,1,15,0.010000,64,ランキング選択,1点交叉
20,0.00313160,0.04056835,100,10,1,10,0.100000,32,トーナメント選択,2点交叉
20,0.00331915,0.04647580,100,10,1,10,0.100000,32,トーナメント選択,一様交叉
20,0.00643400,0.04836010,100,10,1,10,0.100000,32,トーナメント選択,1点交叉
20,0.00287295,0.03435410,100,10,1,10,0.100000,32,ランキング選択,2点交叉
20,0.00282110,0.03344470,100,10,1,10,0.100000,32,ランキング選択,一様交叉
20,0.00302655,0.03673745,100,10,1,10,0.100000,32,ランキング選択,1点交叉
20,0.00566565,0.04775120,100,10,1,10,0.100000,64,トーナメント選択,2点交叉
20,0.00641435,0.04362440,100,10,1,10,0.100000,64,トーナメント選択,一様交叉
20,0.00607260,0.04025590,100,10,1,10,0.100000,64,トーナメント選択,1点交叉
20,0.00531925,0.06407025,100,10,1,10,0.100000,64,ランキング選択,2点交叉
20,0.00610910,0.07604215,100,10,1,10,0.100000,64,ランキング選択,一様交叉
20,0.00500370,0.07942295,100,10,1,10,0.100000,64,ランキング選択,1点交叉
20,0.00321875,0.02665225,100,10,1,10,0.010000,32,トーナメント選択,2点交叉
20,0.00307915,0.02328820,100,10,1,10,0.010000,32,トーナメント選択,一様交叉
20,0.00334910,0.02923425,100,10,1,10,0.010000,32,トーナメント選択,1点交叉
20,0.00297925,0.02327140,100,10,1,10,0.010000,32,ランキング選択,2点交叉
20,0.00263965,0.03111610,100,10,1,10,0.010000,32,ランキング選択,一様交叉
20,0.00270505,0.03789465,100,10,1,10,0.010000,32,ランキング選択,1点交叉
20,0.00551815,0.05651930,100,10,1,10,0.010000,64,トーナメント選択,2点交叉
20,0.00573185,0.04871285,100,10,1,10,0.010000,64,トーナメント選択,一様交叉
20,0.00580935,0.04677150,100,10,1,10,0.010000,64,トーナメント選択,1点交叉
20,0.00527235,0.06348585,100,10,1,10,0.010000,64,ランキング選択,2点交叉
20,0.00525480,0.06170420,100,10,1,10,0.010000,64,ランキング選択,一様交叉
20,0.00550860,0.06051485,100,10,1,10,0.010000,64,ランキング選択,1点交叉
20,0.31191250,0.00028405,1000,100,5,15,0.100000,32,トーナメント選択,2点交叉
20,0.31147825,0.00022965,1000,100,5,15,0.100000,32,トーナメント選択,一様交叉
20,0.32743870,0.00026280,1000,100,5,15,0.100000,32,トーナメント選択,1点交叉
20,0.28954770,0.00031605,1000,100,5,15,0.100000,32,ランキング選択,2点交叉
20,0.31813525,0.00022950,1000,100,5,15,0.100000,32,ランキング選択,一様交叉
20,0.33288565,0.00026755,1000,100,5,15,0.100000,32,ランキング選択,1点交叉
20,0.54459265,0.00076270,1000,100,5,15,0.100000,64,トーナメント選択,2点交叉
20,0.53608570,0.00050060,1000,100,5,15,0.100000,64,トーナメント選択,一様交叉
20,0.54634045,0.00051000,1000,100,5,15,0.100000,64,トーナメント選択,1点交叉
20,0.50442430,0.00044160,1000,100,5,15,0.100000,64,ランキング選択,2点交叉
20,0.52011110,0.00052900,1000,100,5,15,0.100000,64,ランキング選択,一様交叉
20,0.54721550,0.00053010,1000,100,5,15,0.100000,64,ランキング選択,1点交叉
20,0.31710070,0.00022795,1000,100,5,15,0.010000,32,トーナメント選択,2点交叉
20,0.34422240,0.00030065,1000,100,5,15,0.010000,32,トーナメント選択,一様交叉
20,0.31568640,0.00043435,1000,100,5,15,0.010000,32,トーナメント選択,1点交叉
20,0.29842970,0.00026500,1000,100,5,15,0.010000,32,ランキング選択,2点交叉
20,0.28460600,0.00023365,1000,100,5,15,0.010000,32,ランキング選択,一様交叉
20,0.29493385,0.00023155,1000,100,5,15,0.010000,32,ランキング選択,1点交叉
20,0.53086430,0.00048905,1000,100,5,15,0.010000,64,トーナメント選択,2点交叉
20,0.53660085,0.00034255,1000,100,5,15,0.010000,64,トーナメント選択,一様交叉
20,0.53266735,0.00056855,1000,100,5,15,0.010000,64,トーナメント選択,1点交叉
20,0.50467360,0.00053320,1000,100,5,15,0.010000,64,ランキング選択,2点交叉
20,0.49357610,0.00037520,1000,100,5,15,0.010000,64,ランキング選択,一様交叉
20,0.49616450,0.00061855,1000,100,5,15,0.010000,64,ランキング選択,1点交叉
20,0.29886180,0.00024720,1000,100,5,10,0.100000,32,トーナメント選択,2点交叉
20,0.30337325,0.00018635,1000,100,5,10,0.100000,32,トーナメント選択,一様交叉
20,0.30728705,0.00029040,1000,100,5,10,0.100000,32,トーナメント選択,1点交叉
20,0.29116180,0.00028930,1000,100,5,10,0.100000,32,ランキング選択,2点交叉
20,0.29012810,0.00030135,1000,100,5,10,0.100000,32,ランキング選択,一様交叉
20,0.28940055,0.00034040,1000,100,5,10,0.100000,32,ランキング選択,1点交叉
20,0.51704385,0.00054005,1000,100,5,10,0.100000,64,トーナメント選択,2点交叉
20,0.51603670,0.00041910,1000,100,5,10,0.100000,64,トーナメント選択,一様交叉
20,0.51597790,0.00057730,1000,100,5,10,0.100000,64,トーナメント選択,1点交叉
20,0.50635640,0.00060140,1000,100,5,10,0.100000,64,ランキング選択,2点交叉
20,0.50660640,0.00060445,1000,100,5,10,0.100000,64,ランキング選択,一様交叉
20,0.50725735,0.00078180,1000,100,5,10,0.100000,64,ランキング選択,1点交叉
20,0.31947635,0.00023405,1000,100,5,10,0.010000,32,トーナメント選択,2点交叉
20,0.31151275,0.00019960,1000,100,5,10,0.010000,32,トーナメント選択,一様交叉
20,0.30160230,0.00026830,1000,100,5,10,0.010000,32,トーナメント選択,1点交叉
20,0.27709300,0.00017495,1000,100,5,10,0.010000,32,ランキング選択,2点交叉
20,0.29158005,0.00015810,1000,100,5,10,0.010000,32,ランキング選択,一様交叉
20,0.28720225,0.00023715,1000,100,5,10,0.010000,32,ランキング選択,1点交叉
20,0.54807035,0.00059700,1000,100,5,10,0.010000,64,トーナメント選択,2点交叉
20,0.51832405,0.00070270,1000,100,5,10,0.010000,64,トーナメント選択,一様交叉
20,0.50822235,0.00061415,1000,100,5,10,0.010000,64,トーナメント選択,1点交叉
20,0.50646500,0.00044780,1000,100,5,10,0.010000,64,ランキング選択,2点交叉
20,0.49143130,0.00063640,1000,100,5,10,0.010000,64,ランキング選択,一様交叉
20,0.51224160,0.00071040,1000,100,5,10,0.010000,64,ランキング選択,1点交叉
20,0.31447225,0.00031755,1000,100,1,15,0.100000,32,トーナメント選択,2点交叉
20,0.32717510,0.00021980,1000,100,1,15,0.100000,32,トーナメント選択,一様交叉
20,0.31619740,0.00018350,1000,100,1,15,0.100000,32,トーナメント選択,1点交叉
20,0.29551795,0.00025175,1000,100,1,15,0.100000,32,ランキング選択,2点交叉
20,0.30185020,0.00029640,1000,100,1,15,0.100000,32,ランキング選択,一様交叉
20,0.31261055,0.00031360,1000,100,1,15,0.100000,32,ランキング選択,1点交叉
20,0.53122355,0.00066955,1000,100,1,15,0.100000,64,トーナメント選択,2点交叉
20,0.52634790,0.00039595,1000,100,1,15,0.100000,64,トーナメント選択,一様交叉
20,0.53171705,0.00064460,1000,100,1,15,0.100000,64,トーナメント選択,1点交叉
20,0.51221780,0.00050100,1000,100,1,15,0.100000,64,ランキング選択,2点交叉
20,0.51138280,0.00049390,1000,100,1,15,0.100000,64,ランキング選択,一様交叉
20,0.48965895,0.00054065,1000,100,1,15,0.100000,64,ランキング選択,1点交叉
20,0.31961190,0.00040580,1000,100,1,15,0.010000,32,トーナメント選択,2点交叉
20,0.31684940,0.00035225,1000,100,1,15,0.010000,32,トーナメント選択,一様交叉
20,0.31728775,0.00037340,1000,100,1,15,0.010000,32,トーナメント選択,1点交叉
20,0.28533245,0.00023990,1000,100,1,15,0.010000,32,ランキング選択,2点交叉
20,0.28802390,0.00025195,1000,100,1,15,0.010000,32,ランキング選択,一様交叉
20,0.29844595,0.00039785,1000,100,1,15,0.010000,32,ランキング選択,1点交叉
20,0.51945925,0.00052330,1000,100,1,15,0.010000,64,トーナメント選択,2点交叉
20,0.52500050,0.00066490,1000,100,1,15,0.010000,64,トーナメント選択,一様交叉
20,0.54113295,0.00066410,1000,100,1,15,0.010000,64,トーナメント選択,1点交叉
20,0.49410315,0.00049355,1000,100,1,15,0.010000,64,ランキング選択,2点交叉
20,0.51149085,0.00068790,1000,100,1,15,0.010000,64,ランキング選択,一様交叉
20,0.49724995,0.00081495,1000,100,1,15,0.010000,64,ランキング選択,1点交叉
20,0.30942550,0.00032655,1000,100,1,10,0.100000,32,トーナメント選択,2点交叉
20,0.32140225,0.00036385,1000,100,1,10,0.100000,32,トーナメント選択,一様交叉
20,0.31480600,0.00032300,1000,100,1,10,0.100000,32,トーナメント選択,1点交叉
20,0.31326450,0.00026380,1000,100,1,10,0.100000,32,ランキング選択,2点交叉
20,0.29612675,0.00020915,1000,100,1,10,0.100000,32,ランキング選択,一様交叉
20,0.30475840,0.00022385,1000,100,1,10,0.100000,32,ランキング選択,1点交叉
20,0.52337840,0.00040400,1000,100,1,10,0.100000,64,トーナメント選択,2点交叉
20,0.52616210,0.00073865,1000,100,1,10,0.100000,64,トーナメント選択,一様交叉
20,0.50773645,0.00049655,1000,100,1,10,0.100000,64,トーナメント選択,1点交叉
20,0.49701085,0.00078455,1000,100,1,10,0.100000,64,ランキング選択,2点交叉
20,0.49917680,0.00057725,1000,100,1,10,0.100000,64,ランキング選択,一様交叉
20,0.50994055,0.00039680,1000,100,1,10,0.100000,64,ランキング選択,1点交叉
20,0.30852415,0.00037675,1000,100,1,10,0.010000,32,トーナメント選択,2点交叉
20,0.31256965,0.00022725,1000,100,1,10,0.010000,32,トーナメント選択,一様交叉
20,0.32544680,0.00021940,1000,100,1,10,0.010000,32,トーナメント選択,1点交叉
20,0.29709780,0.00023075,1000,100,1,10,0.010000,32,ランキング選択,2点交叉
20,0.29486200,0.00020620,1000,100,1,10,0.010000,32,ランキング選択,一様交叉
20,0.30829195,0.00018350,1000,100,1,10,0.010000,32,ランキング選択,1点交叉
20,0.57977295,0.00061665,1000,100,1,10,0.010000,64,トーナメント選択,2点交叉
20,0.54292920,0.00049330,1000,100,1,10,0.010000,64,トーナメント選択,一様交叉
20,0.54761855,0.00065520,1000,100,1,10,0.010000,64,トーナメント選択,1点交叉
20,0.51219965,0.00069920,1000,100,1,10,0.010000,64,ランキング選択,2点交叉
20,0.51729660,0.00045065,1000,100,1,10,0.010000,64,ランキング選択,一様交叉
20,0.51028015,0.00043370,1000,100,1,10,0.010000,64,ランキング選択,1点交叉
20,0.04151275,0.00269360,1000,10,5,15,0.100000,32,トーナメント選択,2点交叉
20,0.03393290,0.00398860,1000,10,5,15,0.100000,32,トーナメント選択,一様交叉
20,0.03150605,0.00332000,1000,10,5,15,0.100000,32,トーナメント選択,1点交叉
20,0.03111015,0.00190790,1000,10,5,15,0.100000,32,ランキング選択,2点交叉
20,0.03088730,0.00182730,1000,10,5,15,0.100000,32,ランキング選択,一様交叉
20,0.02987455,0.00209155,1000,10,5,15,0.100000,32,ランキング選択,1点交叉
20,0.05485640,0.00555835,1000,10,5,15,0.100000,64,トーナメント選択,2点交叉
20,0.05302795,0.00649185,1000,10,5,15,0.100000,64,トーナメント選択,一様交叉
20,0.07240005,0.00618765,1000,10,5,15,0.100000,64,トーナメント選択,1点交叉
20,0.05158495,0.00773000,1000,10,5,15,0.100000,64,ランキング選択,2点交叉
20,0.05043525,0.00999305,1000,10,5,15,0.100000,64,ランキング選択,一様交叉
20,0.06204230,0.00829990,1000,10,5,15,0.100000,64,ランキング選択,1点交叉
20,0.03225825,0.00194850,1000,10,5,15,0.010000,32,トーナメント選択,2点交叉
20,0.03131475,0.00171590,1000,10,5,15,0.010000,32,トーナメント選択,一様交叉
20,0.03436740,0.00286905,1000,10,5,15,0.010000,32,トーナメント選択,1点交叉
20,0.02641365,0.00207835,1000,10,5,15,0.010000,32,ランキング選択,2点交叉
20,0.03224350,0.00199435,1000,10,5,15,0.010000,32,ランキング選択,一様交叉
20,0.03222400,0.00263440,1000,10,5,15,0.010000,32,ランキング選択,1点交叉
20,0.05233865,0.00581295,1000,10,5,15,0.010000,64,トーナメント選択,2点交叉
20,0.05738955,0.00498175,1000,10,5,15,0.010000,64,トーナメント選択,一様交叉
20,0.05901275,0.00610220,1000,10,5,15,0.010000,64,トーナメント選択,1点交叉
20,0.05794060,0.00451960,1000,10,5,15,0.010000,64,ランキング選択,2点交叉
20,0.05046355,0.00583150,1000,10,5,15,0.010000,64,ランキング選択,一様交叉
20,0.05369305,0.00672265,1000,10,5,15,0.010000,64,ランキング選択,1点交叉
20,0.03099580,0.00319460,1000,10,5,10,0.100000,32,トーナメント選択,2点交叉
20,0.03065215,0.00307260,1000,10,5,10,0.100000,32,トーナメント選択,一様交叉
20,0.03052985,0.00347860,1000,10,5,10,0.100000,32,トーナメント選択,1点交叉
20,0.02879995,0.00338165,1000,10,5,10,0.100000,32,ランキング選択,2点交叉
20,0.02901320,0.00343015,1000,10,5,10,0.100000,32,ランキング選択,一様交叉
20,0.03146760,0.00343525,1000,10,5,10,0.100000,32,ランキング選択,1点交叉
20,0.07845350,0.00581125,1000,10,5,10,0.100000,64,トーナメント選択,2点交叉
20,0.05635035,0.00521305,1000,10,5,10,0.100000,64,トーナメント選択,一様交叉
20,0.05001055,0.00580890,1000,10,5,10,0.100000,64,トーナメント選択,1点交叉
20,0.05459810,0.00844155,1000,10,5,10,0.100000,64,ランキング選択,2点交叉
20,0.05335520,0.00722165,1000,10,5,10,0.100000,64,ランキング選択,一様交叉
20,0.05157495,0.00623640,1000,10,5,10,0.100000,64,ランキング選択,1点交叉
20,0.03128395,0.00366300,1000,10,5,10,0.010000,32,トーナメント選択,2点交叉
20,0.03557125,0.00348755,1000,10,5,10,0.010000,32,トーナメント選択,一様交叉
20,0.02888310,0.00328955,1000,10,5,10,0.010000,32,トーナメント選択,1点交叉
20,0.03215145,0.00271615,1000,10,5,10,0.010000,32,ランキング選択,2点交叉
20,0.03006045,0.00194230,1000,10,5,10,0.010000,32,ランキング選択,一様交叉
20,0.02825645,0.00206255,1000,10,5,10,0.010000,32,ランキング選択,1点交叉
20,0.05173430,0.00593920,1000,10,5,10,0.010000,64,トーナメント選択,2点交叉
20,0.05708160,0.00500910,1000,10,5,10,0.010000,64,トーナメント選択,一様交叉
20,0.05345815,0.00383385,1000,10,5,10,0.010000,64,トーナメント選択,1点交叉
20,0.05802585,0.00980140,1000,10,5,10,0.010000,64,ランキング選択,2点交叉
20,0.05979050,0.00819465,1000,10,5,10,0.010000,64,ランキング選択,一様交叉
20,0.05600140,0.00831960,1000,10,5,10,0.010000,64,ランキング選択,1点交叉
20,0.03701015,0.00378460,1000,10,1,15,0.100000,32,トーナメント選択,2点交叉
20,0.04363195,0.00306710,1000,10,1,15,0.100000,32,トーナメント選択,一様交叉
20,0.03320325,0.00276715,1000,10,1,15,0.100000,32,トーナメント選択,1点交叉
20,0.03275200,0.00298585,1000,10,1,15,0.100000,32,ランキング選択,2点交叉
20,0.03266495,0.00322445,1000,10,1,15,0.100000,32,ランキング選択,一様交叉
20,0.03212975,0.00408660,1000,10,1,15,0.100000,32,ランキング選択,1点交叉
20,0.05896640,0.00533405,1000,10,1,15,0.100000,64,トーナメント選択,2点交叉
20,0.05829125,0.00497780,1000,10,1,15,0.100000,64,トーナメント選択,一様交叉
20,0.07335145,0.00536445,1000,10,1,15,0.100000,64,トーナメント選択,1点交叉
20,0.05839950,0.00540595,1000,10,1,15,0.100000,64,ランキング選択,2点交叉
20,0.05326010,0.00599685,1000,10,1,15,0.100000,64,ランキング選択,一様交叉
20,0.06358570,0.00765570,1000,10,1,15,0.100000,64,ランキング選択,1点交叉
20,0.03982475,0.00345870,1000,10,1,15,0.010000,32,トーナメント選択,2点交叉
20,0.03418690,0.00377205,1000,10,1,15,0.010000,32,トーナメント選択,一様交叉
20,0.04050480,0.00440415,1000,10,1,15,0.010000,32,トーナメント選択,1点交叉
20,0.03650745,0.00358240,1000,10,1,15,0.010000,32,ランキング選択,2点交叉
20,0.03109380,0.00381415,1000,10,1,15,0.010000,32,ランキング選択,一様交叉
20,0.02951095,0.00317805,1000,10,1,15,0.010000,32,ランキング選択,1点交叉
20,0.05691010,0.00547320,1000,10,1,15,0.010000,64,トーナメント選択,2点交叉
20,0.05987950,0.00450190,1000,10,1,15,0.010000,64,トーナメント選択,一様交叉
20,0.06029720,0.00448260,1000,10,1,15,0.010000,64,トーナメント選択,1点交叉
20,0.05677550,0.00443165,1000,10,1,15,0.010000,64,ランキング選択,2点交叉
20,0.05493630,0.00555870,1000,10,1,15,0.010000,64,ランキング選択,一様交叉
20,0.05693530,0.00655575,1000,10,1,15,0.010000,64,ランキング選択,1点交叉
20,0.03368865,0.00412410,1000,10,1,10,0.100000,32,トーナメント選択,2点交叉
20,0.03900045,0.00462540,1000,10,1,10,0.100000,32,トーナメント選択,一様交叉
20,0.03661920,0.00436495,1000,10,1,10,0.100000,32,トーナメント選択,1点交叉
20,0.03037800,0.00361370,1000,10,1,10,0.100000,32,ランキング選択,2点交叉
20,0.02911985,0.00304530,1000,10,1,10,0.100000,32,ランキング選択,一様交叉
20,0.03036685,0.00320995,1000,10,1,10,0.100000,32,ランキング選択,1点交叉
20,0.06208885,0.00272875,1000,10,1,10,0.100000,64,トーナメント選択,2点交叉
20,0.05753015,0.00367820,1000,10,1,10,0.100000,64,トーナメント選択,一様交叉
20,0.06062770,0.00415915,1000,10,1,10,0.100000,64,トーナメント選択,1点交叉
20,0.06184575,0.00576680,1000,10,1,10,0.100000,64,ランキング選択,2点交叉
20,0.05306155,0.00704040,1000,10,1,10,0.100000,64,ランキング選択,一様交叉
20,0.06553195,0.00678855,1000,10,1,10,0.100000,64,ランキング選択,1点交叉
20,0.03590330,0.00311230,1000,10,1,10,0.010000,32,トーナメント選択,2点交叉
20,0.03412610,0.00376710,1000,10,1,10,0.010000,32,トーナメント選択,一様交叉
20,0.03614070,0.00474710,1000,10,1,10,0.010000,32,トーナメント選択,1点交叉
20,0.02925640,0.00394825,1000,10,1,10,0.010000,32,ランキング選択,2点交叉
20,0.03014295,0.00431205,1000,10,1,10,0.010000,32,ランキング選択,一様交叉
20,0.04241075,0.00423915,1000,10,1,10,0.010000,32,ランキング選択,1点交叉
20,0.05952480,0.00663545,1000,10,1,10,0.010000,64,トーナメント選択,2点交叉
20,0.06014975,0.00839995,1000,10,1,10,0.010000,64,トーナメント選択,一様交叉
20,0.05889350,0.01109950,1000,10,1,10,0.010000,64,トーナメント選択,1点交叉
20,0.05804325,0.00697185,1000,10,1,10,0.010000,64,ランキング選択,2点交叉
20,0.06075570,0.00668885,1000,10,1,10,0.010000,64,ランキング選択,一様交叉
20,0.05696880,0.00448105,1000,10,1,10,0.010000,64,ランキング選択,1点交叉
20,0.00345080,0.03346065,10,100,5,15,0.100000,32,トーナメント選択,2点交叉
20,0.00404545,0.02773365,10,100,5,15,0.100000,32,トーナメント選択,一様交叉
20,0.00398015,0.02327655,10,100,5,15,0.100000,32,トーナメント選択,1点交叉
20,0.00353005,0.02966340,10,100,5,15,0.100000,32,ランキング選択,2点交叉
20,0.00362905,0.03466165,10,100,5,15,0.100000,32,ランキング選択,一様交叉
20,0.00336775,0.04042330,10,100,5,15,0.100000,32,ランキング選択,1点交叉
20,0.00626580,0.03933130,10,100,5,15,0.100000,64,トーナメント選択,2点交叉
20,0.00644670,0.03961650,10,100,5,15,0.100000,64,トーナメント選択,一様交叉
20,0.00651540,0.03083475,10,100,5,15,0.100000,64,トーナメント選択,1点交叉
20,0.00680535,0.04731815,10,100,5,15,0.100000,64,ランキング選択,2点交叉
20,0.00740345,0.04295530,10,100,5,15,0.100000,64,ランキング選択,一様交叉
20,0.00729595,0.04880760,10,100,5,15,0.100000,64,ランキング選択,1点交叉
20,0.00352540,0.02408850,10,100,5,15,0.010000,32,トーナメント選択,2点交叉
20,0.00403905,0.02527865,10,100,5,15,0.010000,32,トーナメント選択,一様交叉
20,0.00385550,0.02315065,10,100,5,15,0.010000,32,トーナメント選択,1点交叉
20,0.00396190,0.02164550,10,100,5,15,0.010000,32,ランキング選択,2点交叉
20,0.00461180,0.02017515,10,100,5,15,0.010000,32,ランキング選択,一様交叉
20,0.00328255,0.02019445,10,100,5,15,0.010000,32,ランキング選択,1点交叉
20,0.00649005,0.05529585,10,100,5,15,0.010000,64,トーナメント選択,2点交叉
20,0.00617955,0.05970350,10,100,5,15,0.010000,64,トーナメント選択,一様交叉
20,0.00688540,0.05841425,10,100,5,15,0.010000,64,トーナメント選択,1点交叉
20,0.00610345,0.05258865,10,100,5,15,0.010000,64,ランキング選択,2点交叉
20,0.00644190,0.05324735,10,100,5,15,0.010000,64,ランキング選択,一様交叉
20,0.00657740,0.05453835,10,100,5,15,0.010000,64,ランキング選択,1点交叉
20,0.00356790,0.03952245,10,100,5,10,0.100000,32,トーナメント選択,2点交叉
20,0.00357395,0.03100620,10,100,5,10,0.100000,32,トーナメント選択,一様交叉
20,0.00369960,0.02642335,10,100,5,10,0.100000,32,トーナメント選択,1点交叉
20,0.00351065,0.03112705,10,100,5,10,0.100000,32,ランキング選択,2点交叉
20,0.00295245,0.03238435,10,100,5,10,0.100000,32,ランキング選択,一様交叉
20,0.00291310,0.02923225,10,100,5,10,0.100000,32,ランキング選択,1点交叉
20,0.00673745,0.05952830,10,100,5,10,0.100000,64,トーナメント選択,2点交叉
20,0.00625625,0.06543670,10,100,5,10,0.100000,64,トーナメント選択,一様交叉
20,0.00723325,0.05823395,10,100,5,10,0.100000,64,トーナメント選択,1点交叉
20,0.00653755,0.07183380,10,100,5,10,0.100000,64,ランキング選択,2点交叉
20,0.00652215,0.06873665,10,100,5,10,0.100000,64,ランキング選択,一様交叉
20,0.00812920,0.05953375,10,100,5,10,0.100000,64,ランキング選択,1点交叉
20,0.00393925,0.03059120,10,100,5,10,0.010000,32,トーナメント選択,2点交叉
20,0.00362800,0.03063720,10,100,5,10,0.010000,32,トーナメント選択,一様交叉
20,0.00343785,0.03194215,10,100,5,10,0.010000,32,トーナメント選択,1点交叉
20,0.00327715,0.02949140,10,100,5,10,0.010000,32,ランキング選択,2点交叉
20,0.00334165,0.02199640,10,100,5,10,0.010000,32,ランキング選択,一様交叉
20,0.00376195,0.02255795,10,100,5,10,0.010000,32,ランキング選択,1点交叉
20,0.00619990,0.05290065,10,100,5,10,0.010000,64,トーナメント選択,2点交叉
20,0.00849960,0.04673170,10,100,5,10,0.010000,64,トーナメント選択,一様交叉
20,0.00618885,0.06555935,10,100,5,10,0.010000,64,トーナメント選択,1点交叉
20,0.00717340,0.04524120,10,100,5,10,0.010000,64,ランキング選択,2点交叉
20,0.00670765,0.04782200,10,100,5,10,0.010000,64,ランキング選択,一様交叉
20,0.00649360,0.03718775,10,100,5,10,0.010000,64,ランキング選択,1点交叉
20,0.00403030,0.02459990,10,100,1,15,0.100000,32,トーナメント選択,2点交叉
20,0.00371020,0.02200080,10,100,1,15,0.100000,32,トーナメント選択,一様交叉
20,0.00349230,0.02462285,10,100,1,15,0.100000,32,トーナメント選択,1点交叉
20,0.00357970,0.02814545,10,100,1,15,0.100000,32,ランキング選択,2点交叉
20,0.00404095,0.03790095,10,100,1,15,0.100000,32,ランキング選択,一様交叉
20,0.00377230,0.03943780,10,100,1,15,0.100000,32,ランキング選択,1点交叉
20,0.00779235,0.03717050,10,100,1,15,0.100000,64,トーナメント選択,2点交叉
20,0.00701230,0.04403990,10,100,1,15,0.100000,64,トーナメント選択,一様交叉
20,0.00655035,0.03974195,10,100,1,15,0.100000,64,トーナメント選択,1点交叉
20,0.00623795,0.06052185,10,100,1,15,0.100000,64,ランキング選択,2点交叉
20,0.00635845,0.06084740,10,100,1,15,0.100000,64,ランキング選択,一様交叉
20,0.00562825,0.05243125,10,100,1,15,0.100000,64,ランキング選択,1点交叉
20,0.00491840,0.02046215,10,100,1,15,0.010000,32,トーナメント選択,2点交叉
20,0.00396905,0.02087515,10,100,1,15,0.010000,32,トーナメント選択,一様交叉
20,0.00334860,0.02087330,10,100,1,15,0.010000,32,トーナメント選択,1点交叉
20,0.00380350,0.02799715,10,100,1,15,0.010000,32,ランキング選択,2点交叉
20,0.00350040,0.02275645,10,100,1,15,0.010000,32,ランキング選択,一様交叉
20,0.00389710,0.02006355,10,100,1,15,0.010000,32,ランキング選択,1点交叉
20,0.00771760,0.04250580,10,100,1,15,0.010000,64,トーナメント選択,2点交叉
20,0.00688990,0.03582985,10,100,1,15,0.010000,64,トーナメント選択,一様交叉
20,0.00721470,0.03218050,10,100,1,15,0.010000,64,トーナメント選択,1点交叉
20,0.00648910,0.07163295,10,100,1,15,0.010000,64,ランキング選択,2点交叉
20,0.00703390,0.06211095,10,100,1,15,0.010000,64,ランキング選択,一様交叉
20,0.00661530,0.07076990,10,100,1,15,0.010000,64,ランキング選択,1点交叉
20,0.00353425,0.03604250,10,100,1,10,0.100000,32,トーナメント選択,2点交叉
20,0.00359825,0.02716895,10,100,1,10,0.100000,32,トーナメント選択,一様交叉
20,0.00348880,0.02162540,10,100,1,10,0.100000,32,トーナメント選択,1点交叉
20,0.00404250,0.03183880,10,100,1,10,0.100000,32,ランキング選択,2点交叉
20,0.00350430,0.03346510,10,100,1,10,0.100000,32,ランキング選択,一様交叉
20,0.00392945,0.02318010,10,100,1,10,0.100000,32,ランキング選択,1点交叉
20,0.00611390,0.03295235,10,100,1,10,0.100000,64,トーナメント選択,2点交叉
20,0.00679315,0.03661195,10,100,1,10,0.100000,64,トーナメント選択,一様交叉
20,0.00592790,0.04896535,10,100,1,10,0.100000,64,トーナメント選択,1点交叉
20,0.00646485,0.07356830,10,100,1,10,0.100000,64,ランキング選択,2点交叉
20,0.00600510,0.06983720,10,100,1,10,0.100000,64,ランキング選択,一様交叉
20,0.00708660,0.06336135,10,100,1,10,0.100000,64,ランキング選択,1点交叉
20,0.00375075,0.01557210,10,100,1,10,0.010000,32,トーナメント選択,2点交叉
20,0.00402360,0.02711955,10,100,1,10,0.010000,32,トーナメント選択,一様交叉
20,0.00426360,0.02667860,10,100,1,10,0.010000,32,トーナメント選択,1点交叉
20,0.00383925,0.02993560,10,100,1,10,0.010000,32,ランキング選択,2点交叉
20,0.00329930,0.02705220,10,100,1,10,0.010000,32,ランキング選択,一様交叉
20,0.00324725,0.03059625,10,100,1,10,0.010000,32,ランキング選択,1点交叉
20,0.00679990,0.04061505,10,100,1,10,0.010000,64,トーナメント選択,2点交叉
20,0.01305195,0.03687150,10,100,1,10,0.010000,64,トーナメント選択,一様交叉
20,0.00701725,0.04192325,10,100,1,10,0.010000,64,トーナメント選択,1点交叉
20,0.00574710,0.04692260,10,100,1,10,0.010000,64,ランキング選択,2点交叉
20,0.00637060,0.04595855,10,100,1,10,0.010000,64,ランキング選択,一様交叉
20,0.00818290,0.04765005,10,100,1,10,0.010000,64,ランキング選択,1点交叉
20,0.00030000,0.26756065,10,10,5,15,0.100000,32,トーナメント選択,2点交叉
20,0.00029790,0.24351345,10,10,5,15,0.100000,32,トーナメント選択,一様交叉
20,0.00028440,0.23731020,10,10,5,15,0.100000,32,トーナメント選択,1点交叉
20,0.00025940,0.26127575,10,10,5,15,0.100000,32,ランキング選択,2点交叉
20,0.00027205,0.32558540,10,10,5,15,0.100000,32,ランキング選択,一様交叉
20,0.00025545,0.36941220,10,10,5,15,0.100000,32,ランキング選択,1点交叉
20,0.00047660,0.62137440,10,10,5,15,0.100000,64,トーナメント選択,2点交叉
20,0.00053895,0.53674290,10,10,5,15,0.100000,64,トーナメント選択,一様交叉
20,0.00046655,0.54490250,10,10,5,15,0.100000,64,トーナメント選択,1点交叉
20,0.00047220,0.49369905,10,10,5,15,0.100000,64,ランキング選択,2点交叉
20,0.00061825,0.44752945,10,10,5,15,0.100000,64,ランキング選択,一様交叉
20,0.00049070,0.33546540,10,10,5,15,0.100000,64,ランキング選択,1点交叉
20,0.00029340,0.18317545,10,10,5,15,0.010000,32,トーナメント選択,2点交叉
20,0.00035585,0.21114630,10,10,5,15,0.010000,32,トーナメント選択,一様交叉
20,0.00028145,0.24483390,10,10,5,15,0.010000,32,トーナメント選択,1点交叉
20,0.00022335,0.49043805,10,10,5,15,0.010000,32,ランキング選択,2点交叉
20,0.00024600,0.39826895,10,10,5,15,0.010000,32,ランキング選択,一様交叉
20,0.00028955,0.32683575,10,10,5,15,0.010000,32,ランキング選択,1点交叉
20,0.00060460,0.52390770,10,10,5,15,0.010000,64,トーナメント選択,2点交叉
20,0.00050485,0.42623335,10,10,5,15,0.010000,64,トーナメント選択,一様交叉
20,0.00047650,0.56401695,10,10,5,15,0.010000,64,トーナメント選択,1点交叉
20,0.00045125,0.64431660,10,10,5,15,0.010000,64,ランキング選択,2点交叉
20,0.00052745,0.65978500,10,10,5,15,0.010000,64,ランキング選択,一様交叉
20,0.00050255,0.66754230,10,10,5,15,0.010000,64,ランキング選択,1点交叉
20,0.00054965,0.30063315,10,10,5,10,0.100000,32,トーナメント選択,2点交叉
20,0.00024325,0.27946525,10,10,5,10,0.100000,32,トーナメント選択,一様交叉
20,0.00025040,0.31349050,10,10,5,10,0.100000,32,トーナメント選択,1点交叉
20,0.00028215,0.34127695,10,10,5,10,0.100000,32,ランキング選択,2点交叉
20,0.00023000,0.32193915,10,10,5,10,0.100000,32,ランキング選択,一様交叉
20,0.00026110,0.25337365,10,10,5,10,0.100000,32,ランキング選択,1点交叉
20,0.00053935,0.59769650,10,10,5,10,0.100000,64,トーナメント選択,2点交叉
20,0.00044560,0.53196390,10,10,5,10,0.100000,64,トーナメント選択,一様交叉
20,0.00043390,0.52992575,10,10,5,10,0.100000,64,トーナメント選択,1点交叉
20,0.00045815,0.46959345,10,10,5,10,0.100000,64,ランキング選択,2点交叉
20,0.00052145,0.51772565,10,10,5,10,0.100000,64,ランキング選択,一様交叉
20,0.00044970,0.65571105,10,10,5,10,0.100000,64,ランキング選択,1点交叉
20,0.00025320,0.26679595,10,10,5,10,0.010000,32,トーナメント選択,2点交叉
20,0.00024190,0.26094780,10,10,5,10,0.010000,32,トーナメント選択,一様交叉
20,0.00022910,0.27168285,10,10,5,10,0.010000,32,トーナメント選択,1点交叉
20,0.00023335,0.24614915,10,10,5,10,0.010000,32,ランキング選択,2点交叉
20,0.00022080,0.29386730,10,10,5,10,0.010000,32,ランキング選択,一様交叉
20,0.00025710,0.34939960,10,10,5,10,0.010000,32,ランキング選択,1点交叉
20,0.00062705,0.77751435,10,10,5,10,0.010000,64,トーナメント選択,2点交叉
20,0.00044320,0.60198650,10,10,5,10,0.010000,64,トーナメント選択,一様交叉
20,0.00052985,0.57214985,10,10,5,10,0.010000,64,トーナメント選択,1点交叉
20,0.00051560,0.39416100,10,10,5,10,0.010000,64,ランキング選択,2点交叉
20,0.00042615,0.43382900,10,10,5,10,0.010000,64,ランキング選択,一様交叉
20,0.00042595,0.42985435,10,10,5,10,0.010000,64,ランキング選択,1点交叉
20,0.00033695,0.24058090,10,10,1,15,0.100000,32,トーナメント選択,2点交叉
20,0.00036165,0.31271470,10,10,1,15,0.100000,32,トーナメント選択,一様交叉
20,0.00028895,0.29826865,10,10,1,15,0.100000,32,トーナメント選択,1点交叉
20,0.00027970,0.30612960,10,10,1,15,0.100000,32,ランキング選択,2点交叉
20,0.00026935,0.27088900,10,10,1,15,0.100000,32,ランキング選択,一様交叉
20,0.00025655,0.19820090,10,10,1,15,0.100000,32,ランキング選択,1点交叉
20,0.00056880,0.49830165,10,10,1,15,0.100000,64,トーナメント選択,2点交叉
20,0.00050945,0.52800975,10,10,1,15,0.100000,64,トーナメント選択,一様交叉
20,0.00054440,0.56480675,10,10,1,15,0.100000,64,トーナメント選択,1点交叉
20,0.00052215,0.55367155,10,10,1,15,0.100000,64,ランキング選択,2点交叉
20,0.00061195,0.54608160,10,10,1,15,0.100000,64,ランキング選択,一様交叉
20,0.00113145,0.61813845,10,10,1,15,0.100000,64,ランキング選択,1点交叉
20,0.00050815,0.27963375,10,10,1,15,0.010000,32,トーナメント選択,2点交叉
20,0.00031680,0.20173090,10,10,1,15,0.010000,32,トーナメント選択,一様交叉
20,0.00035540,0.23297625,10,10,1,15,0.010000,32,トーナメント選択,1点交叉
20,0.00026205,0.21444160,10,10,1,15,0.010000,32,ランキング選択,2点交叉
20,0.00024740,0.17666115,10,10,1,15,0.010000,32,ランキング選択,一様交叉
20,0.00032540,0.22123425,10,10,1,15,0.010000,32,ランキング選択,1点交叉
20,0.00066465,0.65160340,10,10,1,15,0.010000,64,トーナメント選択,2点交叉
20,0.00055250,0.48446415,10,10,1,15,0.010000,64,トーナメント選択,一様交叉
20,0.00056840,0.40215360,10,10,1,15,0.010000,64,トーナメント選択,1点交叉
20,0.00058630,0.58702870,10,10,1,15,0.010000,64,ランキング選択,2点交叉
20,0.00067260,0.64820190,10,10,1,15,0.010000,64,ランキング選択,一様交叉
20,0.00064550,0.65292315,10,10,1,15,0.010000,64,ランキング選択,1点交叉
20,0.00037640,0.26585060,10,10,1,10,0.100000,32,トーナメント選択,2点交叉
20,0.00029665,0.36337535,10,10,1,10,0.100000,32,トーナメント選択,一様交叉
20,0.00026190,0.38156545,10,10,1,10,0.100000,32,トーナメント選択,1点交叉
20,0.00023585,0.22729610,10,10,1,10,0.100000,32,ランキング選択,2点交叉
20,0.00034240,0.14702200,10,10,1,10,0.100000,32,ランキング選択,一様交叉
20,0.00028535,0.23159420,10,10,1,10,0.100000,32,ランキング選択,1点交叉
20,0.00056280,0.58973480,10,10,1,10,0.100000,64,トーナメント選択,2点交叉
20,0.00052700,0.45455980,10,10,1,10,0.100000,64,トーナメント選択,一様交叉
20,0.00067840,0.42830980,10,10,1,10,0.100000,64,トーナメント選択,1点交叉
20,0.00061015,0.66692780,10,10,1,10,0.100000,64,ランキング選択,2点交叉
20,0.00060730,0.64977355,10,10,1,10,0.100000,64,ランキング選択,一様交叉
20,0.00050645,0.74769740,10,10,1,10,0.100000,64,ランキング選択,1点交叉
20,0.00036185,0.33990910,10,10,1,10,0.010000,32,トーナメント選択,2点交叉
20,0.00070320,0.29493375,10,10,1,10,0.010000,32,トーナメント選択,一様交叉
20,0.00032080,0.29058555,10,10,1,10,0.010000,32,トーナメント選択,1点交叉
20,0.00037535,0.20389710,10,10,1,10,0.010000,32,ランキング選択,2点交叉
20,0.00025805,0.24521425,10,10,1,10,0.010000,32,ランキング選択,一様交叉
20,0.00026210,0.24521425,10,10,1,10,0.010000,32,ランキング選択,1点交叉
20,0.00058070,0.63616225,10,10,1,10,0.010000,64,トーナメント選択,2点交叉
20,0.00055920,0.60837000,10,10,1,10,0.010000,64,トーナメント選択,一様交叉
20,0.00052765,0.66494250,10,10,1,10,0.010000,64,トーナメント選択,1点交叉
20,0.00052255,0.80473940,10,10,1,10,0.010000,64,ランキング選択,2点交叉
20,0.00046400,0.67363065,10,10,1,10,0.010000,64,ランキング選択,一様交叉
20,0.00051090,0.76227210,10,10,1,10,0.010000,64,ランキング選択,1点交叉
